,Index,City,State,2021 estimate,2020 census,Change,2020 land area,2020 land area.1,2020 population density,2020 population density.1,Location,Longitude,Latitude
0,1,New York,New York,8467513,"8,804,190",−3.82%,300.5 sq mi,778.3 km2,"29,298/sq mi","11,312/km2",40°40′N 73°56′W﻿ / ﻿40.66°N 73.94°W﻿ / 40.66; -73.94﻿ (1 New York City),-73.94,40.66
1,2,Los Angeles,California,3849297,"3,898,747",−1.27%,469.5 sq mi,"1,216.0 km2","8,304/sq mi","3,206/km2",34°01′N 118°25′W﻿ / ﻿34.02°N 118.41°W﻿ / 34.02; -118.41﻿ (2 Los Angeles),-118.41,34.02
2,3,Chicago,Illinois,2696555,"2,746,388",−1.81%,227.7 sq mi,589.7 km2,"12,061/sq mi","4,657/km2",41°50′N 87°41′W﻿ / ﻿41.84°N 87.68°W﻿ / 41.84; -87.68﻿ (3 Chicago),-87.68,41.84
3,4,Houston,Texas,2288250,"2,304,580",−0.71%,640.4 sq mi,"1,658.6 km2","3,599/sq mi","1,390/km2",29°47′N 95°23′W﻿ / ﻿29.79°N 95.39°W﻿ / 29.79; -95.39﻿ (4 Houston),-95.39,29.79
4,5,Phoenix,Arizona,1624569,"1,608,139",1.02%,518.0 sq mi,"1,341.6 km2","3,105/sq mi","1,199/km2",33°34′N 112°05′W﻿ / ﻿33.57°N 112.09°W﻿ / 33.57; -112.09﻿ (6 Phoenix),-112.09,33.57
5,6,Philadelphia,Pennsylvania,1576251,"1,603,797",−1.72%,134.4 sq mi,348.1 km2,"11,933/sq mi","4,607/km2",40°01′N 75°08′W﻿ / ﻿40.01°N 75.13°W﻿ / 40.01; -75.13﻿ (5 Philadelphia),-75.13,40.01
6,7,San Antonio,Texas,1451853,"1,434,625",1.20%,498.8 sq mi,"1,291.9 km2","2,876/sq mi","1,110/km2",29°28′N 98°31′W﻿ / ﻿29.46°N 98.52°W﻿ / 29.46; -98.52﻿ (7 San Antonio),-98.52,29.46
7,8,San Diego,California,1381611,"1,386,932",−0.38%,325.9 sq mi,844.1 km2,"4,256/sq mi","1,643/km2",32°49′N 117°08′W﻿ / ﻿32.81°N 117.14°W﻿ / 32.81; -117.14﻿ (8 San Diego),-117.14,32.81
8,9,Dallas,Texas,1288457,"1,304,379",−1.22%,339.6 sq mi,879.6 km2,"3,841/sq mi","1,483/km2",32°47′N 96°46′W﻿ / ﻿32.79°N 96.77°W﻿ / 32.79; -96.77﻿ (9 Dallas),-96.77,32.79
9,10,San Jose,California,983489,"1,013,240",−2.94%,178.3 sq mi,461.8 km2,"5,683/sq mi","2,194/km2",37°18′N 121°49′W﻿ / ﻿37.30°N 121.81°W﻿ / 37.30; -121.81﻿ (10 San Jose),-121.81,37.3
10,11,Austin,Texas,964177,"961,855",0.24%,319.9 sq mi,828.5 km2,"3,007/sq mi","1,161/km2",30°18′N 97°45′W﻿ / ﻿30.30°N 97.75°W﻿ / 30.30; -97.75﻿ (11 Austin),-97.75,30.3
11,12,Jacksonville,Florida,954614,"949,611",0.53%,747.3 sq mi,"1,935.5 km2","1,271/sq mi",491/km2,30°20′N 81°40′W﻿ / ﻿30.34°N 81.66°W﻿ / 30.34; -81.66﻿ (12 Jacksonville),-81.66,30.34
12,13,Fort Worth,Texas,935508,"918,915",1.81%,347.3 sq mi,899.5 km2,"2,646/sq mi","1,022/km2",32°47′N 97°21′W﻿ / ﻿32.78°N 97.35°W﻿ / 32.78; -97.35﻿ (16 Fort Worth),-97.35,32.78
13,14,Columbus,Ohio,906528,"905,748",0.09%,220.0 sq mi,569.8 km2,"4,117/sq mi","1,590/km2",39°59′N 82°59′W﻿ / ﻿39.99°N 82.99°W﻿ / 39.99; -82.99﻿ (15 Columbus),-82.99,39.99
14,15,Indianapolis,Indiana,882039,"887,642",−0.63%,361.6 sq mi,936.5 km2,"2,455/sq mi",948/km2,39°47′N 86°09′W﻿ / ﻿39.78°N 86.15°W﻿ / 39.78; -86.15﻿ (14 Indianapolis),-86.15,39.78
15,16,Charlotte,North Carolina,879709,"874,579",0.59%,308.3 sq mi,798.5 km2,"2,837/sq mi","1,095/km2",35°13′N 80°50′W﻿ / ﻿35.21°N 80.83°W﻿ / 35.21; -80.83﻿ (17 Charlotte),-80.83,35.21
16,17,San Francisco,California,815201,"873,965",−6.72%,46.9 sq mi,121.5 km2,"18,635/sq mi","7,195/km2",37°44′N 123°02′W﻿ / ﻿37.73°N 123.03°W﻿ / 37.73; -123.03﻿ (13 San Francisco),-123.03,37.73
17,18,Seattle,Washington,733919,"737,015",−0.42%,83.8 sq mi,217.0 km2,"8,795/sq mi","3,396/km2",47°37′N 122°21′W﻿ / ﻿47.62°N 122.35°W﻿ / 47.62; -122.35﻿ (20 Seattle),-122.35,47.62
18,19,Denver,Colorado,711463,"715,522",−0.57%,153.1 sq mi,396.5 km2,"4,674/sq mi","1,805/km2",39°46′N 104°53′W﻿ / ﻿39.76°N 104.88°W﻿ / 39.76; -104.88﻿ (Denver),-104.88,39.76
19,20,Oklahoma City,Oklahoma,687725,"681,054",0.98%,606.2 sq mi,"1,570.1 km2","1,123/sq mi",434/km2,35°28′N 97°31′W﻿ / ﻿35.47°N 97.51°W﻿ / 35.47; -97.51﻿ (Oklahoma City),-97.51,35.47
20,21,Nashville,Tennessee,678851,"689,447",−1.54%,475.8 sq mi,"1,232.3 km2","1,449/sq mi",559/km2,36°10′N 86°47′W﻿ / ﻿36.17°N 86.79°W﻿ / 36.17; -86.79﻿ (Nashville),-86.79,36.17
21,22,El Paso,Texas,678415,"678,815",−0.06%,258.4 sq mi,669.3 km2,"2,627/sq mi","1,014/km2",31°51′N 106°26′W﻿ / ﻿31.85°N 106.43°W﻿ / 31.85; -106.43﻿ (19 El Paso),-106.43,31.85
22,23,Washington,District of Columbia,670050,"689,545",−2.83%,61.1 sq mi,158.2 km2,"11,286/sq mi","4,358/km2","38°54′N 77°01′W﻿ / ﻿38.90°N 77.02°W﻿ / 38.90; -77.02﻿ (Washington, D.C.)",-77.02,38.9
23,24,Boston,Massachusetts,654776,"675,647",−3.09%,48.3 sq mi,125.1 km2,"13,989/sq mi","5,401/km2",42°20′N 71°01′W﻿ / ﻿42.34°N 71.02°W﻿ / 42.34; -71.02﻿ (Boston),-71.02,42.34
24,25,Las Vegas,Nevada,646790,"641,903",0.76%,141.8 sq mi,367.3 km2,"4,527/sq mi","1,748/km2",36°14′N 115°16′W﻿ / ﻿36.23°N 115.26°W﻿ / 36.23; -115.26﻿ (Las Vegas),-115.26,36.23
25,26,Portland,Oregon,641162,"652,503",−1.74%,133.5 sq mi,345.8 km2,"4,888/sq mi","1,887/km2",45°32′N 122°39′W﻿ / ﻿45.54°N 122.65°W﻿ / 45.54; -122.65﻿ (Portland),-122.65,45.54
26,27,Detroit,Michigan,632464,"639,111",−1.04%,138.7 sq mi,359.2 km2,"4,608/sq mi","1,779/km2",42°23′N 83°06′W﻿ / ﻿42.38°N 83.10°W﻿ / 42.38; -83.10﻿ (18 Detroit),-83.1,42.38
27,28,Louisville,Kentucky,628594,"633,045",−0.70%,324.9 sq mi,841.5 km2,"1,948/sq mi",752/km2,38°10′N 85°39′W﻿ / ﻿38.17°N 85.65°W﻿ / 38.17; -85.65﻿ (Louisville),-85.65,38.17
28,29,Memphis,Tennessee,628127,"633,104",−0.79%,297.0 sq mi,769.2 km2,"2,132/sq mi",823/km2,35°07′N 89°58′W﻿ / ﻿35.11°N 89.97°W﻿ / 35.11; -89.97﻿ (Memphis),-89.97,35.11
29,30,Baltimore,Maryland,576498,"585,708",−1.57%,80.9 sq mi,209.5 km2,"7,240/sq mi","2,800/km2",39°18′N 76°37′W﻿ / ﻿39.30°N 76.61°W﻿ / 39.30; -76.61﻿ (Baltimore),-76.61,39.3
30,31,Milwaukee,Wisconsin,569330,"577,222",−1.37%,96.2 sq mi,249.2 km2,"6,000/sq mi","2,300/km2",43°04′N 87°58′W﻿ / ﻿43.06°N 87.97°W﻿ / 43.06; -87.97﻿ (Milwaukee),-87.97,43.06
31,32,Albuquerque,New Mexico,562599,"564,559",−0.35%,187.3 sq mi,485.1 km2,"3,014/sq mi","1,164/km2",35°06′N 106°39′W﻿ / ﻿35.10°N 106.65°W﻿ / 35.10; -106.65﻿ (Albuquerque),-106.65,35.1
32,33,Fresno,California,544510,"542,107",0.44%,115.2 sq mi,298.4 km2,"4,706/sq mi","1,817/km2",36°47′N 119°47′W﻿ / ﻿36.78°N 119.79°W﻿ / 36.78; -119.79﻿ (Fresno),-119.79,36.78
33,34,Tucson,Arizona,543242,"542,629",0.11%,241.0 sq mi,624.2 km2,"2,252/sq mi",870/km2,32°09′N 110°52′W﻿ / ﻿32.15°N 110.87°W﻿ / 32.15; -110.87﻿ (Tucson),-110.87,32.15
34,35,Sacramento,California,525041,"524,943",0.02%,98.6 sq mi,255.4 km2,"5,324/sq mi","2,056/km2",38°34′N 121°28′W﻿ / ﻿38.57°N 121.47°W﻿ / 38.57; -121.47﻿ (Sacramento),-121.47,38.57
35,36,Mesa,Arizona,509475,"504,258",1.03%,138.7 sq mi,359.2 km2,"3,636/sq mi","1,404/km2",33°24′N 111°43′W﻿ / ﻿33.40°N 111.72°W﻿ / 33.40; -111.72﻿ (Mesa),-111.72,33.4
36,37,Kansas City,Missouri,508394,"508,090",0.06%,314.7 sq mi,815.1 km2,"1,615/sq mi",624/km2,"39°07′N 94°34′W﻿ / ﻿39.12°N 94.56°W﻿ / 39.12; -94.56﻿ (Kansas City, MO)",-94.56,39.12
37,38,Atlanta,Georgia,496461,"498,715",−0.45%,135.3 sq mi,350.4 km2,"3,686/sq mi","1,423/km2",33°46′N 84°25′W﻿ / ﻿33.76°N 84.42°W﻿ / 33.76; -84.42﻿ (Atlanta),-84.42,33.76
38,39,Omaha,Nebraska,487300,"486,051",0.26%,141.6 sq mi,366.7 km2,"3,433/sq mi","1,325/km2",41°16′N 96°03′W﻿ / ﻿41.26°N 96.05°W﻿ / 41.26; -96.05﻿ (Omaha),-96.05,41.26
39,40,Colorado Springs,Colorado,483956,"478,961",1.04%,195.4 sq mi,506.1 km2,"2,451/sq mi",946/km2,38°52′N 104°46′W﻿ / ﻿38.87°N 104.76°W﻿ / 38.87; -104.76﻿ (Colorado Springs),-104.76,38.87
40,41,Raleigh,North Carolina,469124,"467,665",0.31%,147.1 sq mi,381.0 km2,"3,179/sq mi","1,227/km2",35°50′N 78°38′W﻿ / ﻿35.83°N 78.64°W﻿ / 35.83; -78.64﻿ (Raleigh),-78.64,35.83
41,42,Virginia Beach,Virginia,457672,"459,470",−0.39%,244.7 sq mi,633.8 km2,"1,878/sq mi",725/km2,36°47′N 76°02′W﻿ / ﻿36.78°N 76.03°W﻿ / 36.78; -76.03﻿ (Virginia Beach),-76.03,36.78
42,43,Long Beach,California,456062,"466,742",−2.29%,50.7 sq mi,131.3 km2,"9,206/sq mi","3,554/km2",33°47′N 118°10′W﻿ / ﻿33.78°N 118.17°W﻿ / 33.78; -118.17﻿ (Long Beach),-118.17,33.78
43,44,Miami,Florida,439890,"442,241",−0.53%,36.0 sq mi,93.2 km2,"12,284/sq mi","4,743/km2",25°47′N 80°13′W﻿ / ﻿25.78°N 80.21°W﻿ / 25.78; -80.21﻿ (Miami),-80.21,25.78
44,45,Oakland,California,433823,"440,646",−1.55%,55.9 sq mi,144.8 km2,"7,883/sq mi","3,044/km2",37°46′N 122°14′W﻿ / ﻿37.77°N 122.23°W﻿ / 37.77; -122.23﻿ (Oakland),-122.23,37.77
45,46,Minneapolis,Minnesota,425336,"429,954",−1.07%,54.0 sq mi,139.9 km2,"7,962/sq mi","3,074/km2",44°58′N 93°16′W﻿ / ﻿44.96°N 93.27°W﻿ / 44.96; -93.27﻿ (Minneapolis),-93.27,44.96
46,47,Tulsa,Oklahoma,411401,"413,066",−0.40%,197.5 sq mi,511.5 km2,"2,091/sq mi",807/km2,36°08′N 95°54′W﻿ / ﻿36.13°N 95.90°W﻿ / 36.13; -95.90﻿ (Tulsa),-95.9,36.13
47,48,Bakersfield,California,407615,"403,455",1.03%,149.8 sq mi,388.0 km2,"2,693/sq mi","1,040/km2",35°21′N 119°02′W﻿ / ﻿35.35°N 119.04°W﻿ / 35.35; -119.04﻿ (Bakersfield),-119.04,35.35
48,49,Wichita,Kansas,395699,"397,532",−0.46%,162.0 sq mi,419.6 km2,"2,454/sq mi",947/km2,37°41′N 97°21′W﻿ / ﻿37.69°N 97.35°W﻿ / 37.69; -97.35﻿ (Wichita),-97.35,37.69
49,50,Arlington,Texas,392786,"394,266",−0.38%,95.9 sq mi,248.4 km2,"4,111/sq mi","1,587/km2",32°42′N 97°07′W﻿ / ﻿32.70°N 97.12°W﻿ / 32.70; -97.12﻿ (Arlington),-97.12,32.7
50,51,Aurora,Colorado,389347,"386,261",0.80%,160.1 sq mi,414.7 km2,"2,413/sq mi",932/km2,39°42′N 104°43′W﻿ / ﻿39.70°N 104.72°W﻿ / 39.70; -104.72﻿ (Aurora),-104.72,39.7
51,52,Tampa,Florida,387050,"384,959",0.54%,114.0 sq mi,295.3 km2,"3,377/sq mi","1,304/km2",27°58′N 82°28′W﻿ / ﻿27.97°N 82.47°W﻿ / 27.97; -82.47﻿ (Tampa),-82.47,27.97
52,53,New Orleans,Louisiana,376971,"383,997",−1.83%,169.5 sq mi,439.0 km2,"2,265/sq mi",875/km2,30°03′N 89°56′W﻿ / ﻿30.05°N 89.93°W﻿ / 30.05; -89.93﻿ (New Orleans),-89.93,30.05
53,54,Cleveland,Ohio,367991,"372,624",−1.24%,77.7 sq mi,201.2 km2,"4,796/sq mi","1,852/km2",41°29′N 81°41′W﻿ / ﻿41.48°N 81.68°W﻿ / 41.48; -81.68﻿ (Cleveland),-81.68,41.48
54,55,Anaheim,California,345940,"346,824",−0.25%,50.3 sq mi,130.3 km2,"6,895/sq mi","2,662/km2",33°52′N 117°46′W﻿ / ﻿33.86°N 117.76°W﻿ / 33.86; -117.76﻿ (Anaheim),-117.76,33.86
56,57,Henderson,Nevada,322178,"317,610",1.44%,106.2 sq mi,275.1 km2,"2,991/sq mi","1,155/km2",36°01′N 115°02′W﻿ / ﻿36.01°N 115.04°W﻿ / 36.01; -115.04﻿ (Henderson),-115.04,36.01
57,58,Stockton,California,322120,"320,804",0.41%,62.2 sq mi,161.1 km2,"5,158/sq mi","1,992/km2",37°59′N 121°19′W﻿ / ﻿37.98°N 121.31°W﻿ / 37.98; -121.31﻿ (Stockton),-121.31,37.98
58,59,Lexington,Kentucky,321793,"322,570",−0.24%,283.6 sq mi,734.5 km2,"1,137/sq mi",439/km2,38°02′N 84°28′W﻿ / ﻿38.04°N 84.46°W﻿ / 38.04; -84.46﻿ (Lexington),-84.46,38.04
59,60,Corpus Christi,Texas,317773,"317,863",−0.03%,162.2 sq mi,420.1 km2,"1,960/sq mi",760/km2,27°45′N 97°10′W﻿ / ﻿27.75°N 97.17°W﻿ / 27.75; -97.17﻿ (Corpus Christi),-97.17,27.75
60,61,Riverside,California,317261,"314,998",0.72%,81.2 sq mi,210.3 km2,"3,879/sq mi","1,498/km2",33°56′N 117°23′W﻿ / ﻿33.94°N 117.39°W﻿ / 33.94; -117.39﻿ (Riverside),-117.39,33.94
61,62,Santa Ana,California,309441,"310,227",−0.25%,27.3 sq mi,70.7 km2,"11,364/sq mi","4,388/km2",33°44′N 117°53′W﻿ / ﻿33.74°N 117.88°W﻿ / 33.74; -117.88﻿ (Santa Ana),-117.88,33.74
62,63,Orlando,Florida,309154,"307,573",0.51%,110.6 sq mi,286.5 km2,"2,781/sq mi","1,074/km2",28°25′N 81°15′W﻿ / ﻿28.41°N 81.25°W﻿ / 28.41; -81.25﻿ (Orlando),-81.25,28.41
63,64,Irvine,California,309031,"307,670",0.44%,65.6 sq mi,169.9 km2,"4,690/sq mi","1,810/km2",33°41′N 117°46′W﻿ / ﻿33.68°N 117.77°W﻿ / 33.68; -117.77﻿ (Irvine),-117.77,33.68
64,65,Cincinnati,Ohio,308935,"309,317",−0.12%,77.8 sq mi,201.5 km2,"3,976/sq mi","1,535/km2",39°08′N 84°31′W﻿ / ﻿39.14°N 84.51°W﻿ / 39.14; -84.51﻿ (Cincinnati),-84.51,39.14
65,66,Newark,New Jersey,307220,"311,549",−1.39%,24.1 sq mi,62.4 km2,"12,927/sq mi","4,991/km2",40°43′N 74°10′W﻿ / ﻿40.72°N 74.17°W﻿ / 40.72; -74.17﻿ (Newark),-74.17,40.72
66,67,Saint Paul,Minnesota,307193,"311,527",−1.39%,52.0 sq mi,134.7 km2,"5,991/sq mi","2,313/km2",44°57′N 93°06′W﻿ / ﻿44.95°N 93.10°W﻿ / 44.95; -93.10﻿ (Saint Paul),-93.1,44.95
67,68,Pittsburgh,Pennsylvania,300431,"302,971",−0.84%,55.4 sq mi,143.5 km2,"5,469/sq mi","2,112/km2",40°26′N 79°59′W﻿ / ﻿40.44°N 79.98°W﻿ / 40.44; -79.98﻿ (Pittsburgh),-79.98,40.44
68,69,Greensboro,North Carolina,298263,"299,035",−0.26%,129.6 sq mi,335.7 km2,"2,307/sq mi",891/km2,36°06′N 79°50′W﻿ / ﻿36.10°N 79.83°W﻿ / 36.10; -79.83﻿ (Greensboro),-79.83,36.1
69,70,St. Louis,Missouri,293310,"301,578",−2.74%,61.7 sq mi,159.8 km2,"4,888/sq mi","1,887/km2",38°38′N 90°14′W﻿ / ﻿38.64°N 90.24°W﻿ / 38.64; -90.24﻿ (St. Louis),-90.24,38.64
70,71,Lincoln,Nebraska,292657,"291,082",0.54%,97.7 sq mi,253.0 km2,"2,979/sq mi","1,150/km2",40°49′N 96°41′W﻿ / ﻿40.81°N 96.68°W﻿ / 40.81; -96.68﻿ (Lincoln),-96.68,40.81
71,72,Plano,Texas,288253,"285,494",0.97%,71.7 sq mi,185.7 km2,"3,982/sq mi","1,537/km2",33°03′N 96°45′W﻿ / ﻿33.05°N 96.75°W﻿ / 33.05; -96.75﻿ (Plano),-96.75,33.05
73,74,Durham,North Carolina,285527,"283,506",0.71%,112.8 sq mi,292.2 km2,"2,513/sq mi",970/km2,35°59′N 78°54′W﻿ / ﻿35.98°N 78.90°W﻿ / 35.98; -78.90﻿ (Durham),-78.9,35.98
74,75,Jersey City,New Jersey,283927,"292,449",−2.91%,14.7 sq mi,38.1 km2,"19,894/sq mi","7,681/km2",40°43′N 74°04′W﻿ / ﻿40.71°N 74.06°W﻿ / 40.71; -74.06﻿ (Jersey City),-74.06,40.71
75,76,Chandler,Arizona,279458,"275,987",1.26%,65.3 sq mi,169.1 km2,"4,226/sq mi","1,632/km2",33°17′N 111°51′W﻿ / ﻿33.28°N 111.85°W﻿ / 33.28; -111.85﻿ (Chandler),-111.85,33.28
76,77,Chula Vista,California,277220,"275,487",0.63%,49.6 sq mi,128.5 km2,"5,554/sq mi","2,144/km2",32°38′N 117°01′W﻿ / ﻿32.63°N 117.02°W﻿ / 32.63; -117.02﻿ (Chula Vista),-117.02,32.63
77,78,Buffalo,New York,276807,"278,349",−0.55%,40.4 sq mi,104.6 km2,"6,890/sq mi","2,660/km2",42°53′N 78°52′W﻿ / ﻿42.89°N 78.86°W﻿ / 42.89; -78.86﻿ (Buffalo),-78.86,42.89
78,79,North Las Vegas,Nevada,274133,"262,527",4.42%,101.3 sq mi,262.4 km2,"2,592/sq mi","1,001/km2",36°17′N 115°05′W﻿ / ﻿36.28°N 115.09°W﻿ / 36.28; -115.09﻿ (North Las Vegas),-115.09,36.28
79,80,Gilbert,Arizona,273136,"267,918",1.95%,68.6 sq mi,177.7 km2,"3,906/sq mi","1,508/km2",33°19′N 111°44′W﻿ / ﻿33.31°N 111.74°W﻿ / 33.31; -111.74﻿ (Gilbert),-111.74,33.31
80,81,Madison,Wisconsin,269196,"269,840",−0.24%,79.6 sq mi,206.2 km2,"3,390/sq mi","1,310/km2",43°05′N 89°26′W﻿ / ﻿43.09°N 89.43°W﻿ / 43.09; -89.43﻿ (Madison),-89.43,43.09
81,82,Reno,Nevada,268851,"264,165",1.77%,108.8 sq mi,281.8 km2,"2,428/sq mi",937/km2,39°33′N 119°51′W﻿ / ﻿39.55°N 119.85°W﻿ / 39.55; -119.85﻿ (Reno),-119.85,39.55
82,83,Toledo,Ohio,268508,"270,871",−0.87%,80.5 sq mi,208.5 km2,"3,365/sq mi","1,299/km2",41°40′N 83°35′W﻿ / ﻿41.66°N 83.58°W﻿ / 41.66; -83.58﻿ (Toledo),-83.58,41.66
83,84,Fort Wayne,Indiana,265974,"263,886",0.79%,110.7 sq mi,286.7 km2,"2,384/sq mi",920/km2,41°05′N 85°08′W﻿ / ﻿41.09°N 85.14°W﻿ / 41.09; -85.14﻿ (Fort Wayne),-85.14,41.09
84,85,Lubbock,Texas,260993,"257,141",1.50%,134.6 sq mi,348.6 km2,"1,910/sq mi",740/km2,33°34′N 101°53′W﻿ / ﻿33.57°N 101.89°W﻿ / 33.57; -101.89﻿ (Lubbock),-101.89,33.57
85,86,St. Petersburg,Florida,258201,"258,308",−0.04%,61.8 sq mi,160.1 km2,"4,180/sq mi","1,610/km2",27°46′N 82°38′W﻿ / ﻿27.77°N 82.64°W﻿ / 27.77; -82.64﻿ (St. Petersburg),-82.64,27.77
86,87,Laredo,Texas,256153,"255,205",0.37%,106.5 sq mi,275.8 km2,"2,396/sq mi",925/km2,27°34′N 99°29′W﻿ / ﻿27.56°N 99.49°W﻿ / 27.56; -99.49﻿ (Laredo),-99.49,27.56
87,88,Irving,Texas,254198,"256,684",−0.97%,67.0 sq mi,173.5 km2,"3,831/sq mi","1,479/km2",32°52′N 96°58′W﻿ / ﻿32.86°N 96.97°W﻿ / 32.86; -96.97﻿ (Irving),-96.97,32.86
88,89,Chesapeake,Virginia,251269,"249,422",0.74%,338.5 sq mi,876.7 km2,737/sq mi,285/km2,36°41′N 76°18′W﻿ / ﻿36.68°N 76.30°W﻿ / 36.68; -76.30﻿ (Chesapeake),-76.3,36.68
89,90,Winston–Salem,North Carolina,250320,"249,545",0.31%,132.7 sq mi,343.7 km2,"1,881/sq mi",726/km2,36°06′N 80°16′W﻿ / ﻿36.10°N 80.26°W﻿ / 36.10; -80.26﻿ (Winston-Salem),-80.26,36.1
90,91,Glendale,Arizona,249630,"248,325",0.53%,61.6 sq mi,159.5 km2,"4,031/sq mi","1,556/km2",33°32′N 112°11′W﻿ / ﻿33.53°N 112.19°W﻿ / 33.53; -112.19﻿ (Glendale),-112.19,33.53
91,92,Scottsdale,Arizona,242753,"241,361",0.58%,184.0 sq mi,476.6 km2,"1,312/sq mi",507/km2,33°41′N 111°52′W﻿ / ﻿33.68°N 111.86°W﻿ / 33.68; -111.86﻿ (Scottsdale),-111.86,33.68
92,93,Garland,Texas,242035,"246,018",−1.62%,57.1 sq mi,147.9 km2,"4,309/sq mi","1,664/km2",32°55′N 96°38′W﻿ / ﻿32.91°N 96.63°W﻿ / 32.91; -96.63﻿ (Garland),-96.63,32.91
93,94,Boise,Idaho,237446,"235,684",0.75%,84.0 sq mi,217.6 km2,"2,806/sq mi","1,083/km2",43°36′N 116°14′W﻿ / ﻿43.60°N 116.23°W﻿ / 43.60; -116.23﻿ (Boise),-116.23,43.6
94,95,Norfolk,Virginia,235089,"238,005",−1.23%,53.3 sq mi,138.0 km2,"4,465/sq mi","1,724/km2",36°55′N 76°14′W﻿ / ﻿36.92°N 76.24°W﻿ / 36.92; -76.24﻿ (Norfolk),-76.24,36.92
95,96,Spokane,Washington,229071,"228,989",0.04%,68.8 sq mi,178.2 km2,"3,328/sq mi","1,285/km2",47°40′N 117°26′W﻿ / ﻿47.67°N 117.43°W﻿ / 47.67; -117.43﻿ (Spokane),-117.43,47.67
96,97,Fremont,California,227514,"230,504",−1.30%,78.3 sq mi,202.8 km2,"2,944/sq mi","1,137/km2",37°29′N 121°56′W﻿ / ﻿37.49°N 121.94°W﻿ / 37.49; -121.94﻿ (Fremont),-121.94,37.49
97,98,Richmond,Virginia,226604,"226,610",0.00%,59.9 sq mi,155.1 km2,"3,783/sq mi","1,461/km2",37°32′N 77°29′W﻿ / ﻿37.53°N 77.48°W﻿ / 37.53; -77.48﻿ (Richmond),-77.48,37.53
98,99,Santa Clarita,California,224593,"228,673",−1.78%,70.8 sq mi,183.4 km2,"3,230/sq mi","1,250/km2",34°25′N 118°29′W﻿ / ﻿34.41°N 118.49°W﻿ / 34.41; -118.49﻿ (Santa Clarita),-118.49,34.41
99,100,San Bernardino,California,222203,"222,101",0.05%,62.1 sq mi,160.8 km2,"3,577/sq mi","1,381/km2",34°08′N 117°17′W﻿ / ﻿34.14°N 117.29°W﻿ / 34.14; -117.29﻿ (San Bernardino),-117.29,34.14
100,101,Baton Rouge,Louisiana,222185,"227,470",−2.32%,86.3 sq mi,223.5 km2,"2,636/sq mi","1,018/km2",30°26′N 91°08′W﻿ / ﻿30.44°N 91.13°W﻿ / 30.44; -91.13﻿ (Baton Rouge),-91.13,30.44
101,102,Hialeah,Florida,220490,"223,109",−1.17%,21.6 sq mi,55.9 km2,"10,329/sq mi","3,988/km2",25°52′N 80°18′W﻿ / ﻿25.87°N 80.30°W﻿ / 25.87; -80.30﻿ (Hialeah),-80.3,25.87
102,103,Tacoma,Washington,219205,"219,346",−0.06%,49.7 sq mi,128.7 km2,"4,413/sq mi","1,704/km2",47°15′N 122°28′W﻿ / ﻿47.25°N 122.46°W﻿ / 47.25; -122.46﻿ (Tacoma),-122.46,47.25
103,104,Modesto,California,218771,"218,464",0.14%,43.0 sq mi,111.4 km2,"5,081/sq mi","1,962/km2",37°38′N 121°00′W﻿ / ﻿37.64°N 121.00°W﻿ / 37.64; -121.00﻿ (Modesto),-121.0,37.64
104,105,Port St. Lucie,Florida,217523,"204,851",6.19%,119.2 sq mi,308.7 km2,"1,719/sq mi",664/km2,27°17′N 80°23′W﻿ / ﻿27.28°N 80.39°W﻿ / 27.28; -80.39﻿ (Port St. Lucie),-80.39,27.28
105,106,Huntsville,Alabama,216963,"215,006",0.91%,218.1 sq mi,564.9 km2,986/sq mi,381/km2,34°47′N 86°32′W﻿ / ﻿34.78°N 86.53°W﻿ / 34.78; -86.53﻿ (Huntsville),-86.53,34.78
106,107,Des Moines,Iowa,212031,"214,133",−0.98%,88.2 sq mi,228.4 km2,"2,428/sq mi",937/km2,41°34′N 93°37′W﻿ / ﻿41.57°N 93.61°W﻿ / 41.57; -93.61﻿ (Des Moines),-93.61,41.57
107,108,Moreno Valley,California,211600,"208,634",1.42%,51.3 sq mi,132.9 km2,"4,067/sq mi","1,570/km2",33°55′N 117°13′W﻿ / ﻿33.92°N 117.21°W﻿ / 33.92; -117.21﻿ (Moreno Valley),-117.21,33.92
108,109,Fontana,California,210761,"208,393",1.14%,43.1 sq mi,111.6 km2,"4,835/sq mi","1,867/km2",34°07′N 117°28′W﻿ / ﻿34.11°N 117.46°W﻿ / 34.11; -117.46﻿ (Fontana),-117.46,34.11
109,110,Frisco,Texas,210719,"200,509",5.09%,68.6 sq mi,177.7 km2,"2,923/sq mi","1,129/km2",33°10′N 96°49′W﻿ / ﻿33.16°N 96.82°W﻿ / 33.16; -96.82﻿ (Frisco),-96.82,33.16
110,111,Rochester,New York,210606,"211,328",−0.34%,35.8 sq mi,92.7 km2,"5,903/sq mi","2,279/km2",43°10′N 77°37′W﻿ / ﻿43.17°N 77.62°W﻿ / 43.17; -77.62﻿ (Rochester),-77.62,43.17
111,112,Yonkers,New York,209530,"211,569",−0.96%,18.0 sq mi,46.6 km2,"11,754/sq mi","4,538/km2",40°57′N 73°52′W﻿ / ﻿40.95°N 73.87°W﻿ / 40.95; -73.87﻿ (Yonkers),-73.87,40.95
112,113,Fayetteville,North Carolina,208778,"208,501",0.13%,148.3 sq mi,384.1 km2,"1,406/sq mi",543/km2,35°05′N 78°58′W﻿ / ﻿35.08°N 78.97°W﻿ / 35.08; -78.97﻿ (Fayetteville),-78.97,35.08
113,114,Worcester,Massachusetts,205918,"206,518",−0.29%,37.4 sq mi,96.9 km2,"5,522/sq mi","2,132/km2",42°16′N 71°49′W﻿ / ﻿42.27°N 71.81°W﻿ / 42.27; -71.81﻿ (Worcester),-71.81,42.27
114,115,Columbus,Georgia,205617,"206,922",−0.63%,216.5 sq mi,560.7 km2,956/sq mi,369/km2,32°31′N 84°52′W﻿ / ﻿32.51°N 84.87°W﻿ / 32.51; -84.87﻿ (Columbus),-84.87,32.51
115,116,Cape Coral,Florida,204510,"194,016",5.41%,106.0 sq mi,274.5 km2,"1,830/sq mi",710/km2,26°39′N 81°59′W﻿ / ﻿26.65°N 81.99°W﻿ / 26.65; -81.99﻿ (Cape Coral),-81.99,26.65
116,117,McKinney,Texas,202690,"195,308",3.78%,67.0 sq mi,173.5 km2,"2,915/sq mi","1,125/km2",33°12′N 96°40′W﻿ / ﻿33.20°N 96.66°W﻿ / 33.20; -96.66﻿ (McKinney),-96.66,33.2
117,118,Little Rock,Arkansas,201998,"202,591",−0.29%,120.0 sq mi,310.8 km2,"1,688/sq mi",652/km2,34°43′N 92°22′W﻿ / ﻿34.72°N 92.36°W﻿ / 34.72; -92.36﻿ (Little Rock),-92.36,34.72
118,119,Oxnard,California,201879,"202,063",−0.09%,26.5 sq mi,68.6 km2,"7,625/sq mi","2,944/km2",34°12′N 119°13′W﻿ / ﻿34.20°N 119.21°W﻿ / 34.20; -119.21﻿ (Oxnard),-119.21,34.2
119,120,Amarillo,Texas,201234,"200,393",0.42%,102.3 sq mi,265.0 km2,"1,959/sq mi",756/km2,35°12′N 101°50′W﻿ / ﻿35.20°N 101.83°W﻿ / 35.20; -101.83﻿ (Amarillo),-101.83,35.2
120,121,Augusta,Georgia,201196,"202,081",−0.44%,302.3 sq mi,783.0 km2,668/sq mi,258/km2,33°22′N 82°04′W﻿ / ﻿33.37°N 82.07°W﻿ / 33.37; -82.07﻿ (Augusta),-82.07,33.37
121,122,Salt Lake City,Utah,200478,"199,723",0.38%,110.3 sq mi,285.7 km2,"1,811/sq mi",699/km2,40°47′N 111°56′W﻿ / ﻿40.78°N 111.93°W﻿ / 40.78; -111.93﻿ (Salt Lake City),-111.93,40.78
122,123,Montgomery,Alabama,198665,"200,603",−0.97%,159.9 sq mi,414.1 km2,"1,255/sq mi",485/km2,32°21′N 86°16′W﻿ / ﻿32.35°N 86.27°W﻿ / 32.35; -86.27﻿ (Montgomery),-86.27,32.35
123,124,Birmingham,Alabama,197575,"200,733",−1.57%,147.0 sq mi,380.7 km2,"1,366/sq mi",527/km2,33°32′N 86°48′W﻿ / ﻿33.53°N 86.80°W﻿ / 33.53; -86.80﻿ (Birmingham),-86.8,33.53
124,125,Grand Rapids,Michigan,197416,"198,917",−0.75%,44.8 sq mi,116.0 km2,"4,440/sq mi","1,710/km2",42°58′N 85°40′W﻿ / ﻿42.96°N 85.66°W﻿ / 42.96; -85.66﻿ (Grand Rapids),-85.66,42.96
125,126,Grand Prairie,Texas,197347,"196,100",0.64%,72.6 sq mi,188.0 km2,"2,701/sq mi","1,043/km2",32°41′N 97°01′W﻿ / ﻿32.69°N 97.02°W﻿ / 32.69; -97.02﻿ (Grand Prairie),-97.02,32.69
126,127,Overland Park,Kansas,197106,"197,238",−0.07%,75.2 sq mi,194.8 km2,"2,623/sq mi","1,013/km2",38°53′N 94°41′W﻿ / ﻿38.89°N 94.69°W﻿ / 38.89; -94.69﻿ (Overland Park),-94.69,38.89
127,128,Tallahassee,Florida,197102,"196,169",0.48%,100.9 sq mi,261.3 km2,"1,944/sq mi",751/km2,30°28′N 84°15′W﻿ / ﻿30.46°N 84.25°W﻿ / 30.46; -84.25﻿ (Tallahassee),-84.25,30.46
128,129,Huntington Beach,California,196652,"198,711",−1.04%,27.0 sq mi,69.9 km2,"7,360/sq mi","2,840/km2",33°42′N 118°00′W﻿ / ﻿33.70°N 118.00°W﻿ / 33.70; -118.00﻿ (Huntington Beach),-118.0,33.7
129,130,Sioux Falls,South Dakota,196528,"192,517",2.08%,79.1 sq mi,204.9 km2,"2,434/sq mi",940/km2,43°32′N 96°44′W﻿ / ﻿43.54°N 96.73°W﻿ / 43.54; -96.73﻿ (Sioux Falls),-96.73,43.54
130,131,Peoria,Arizona,194917,"190,985",2.06%,176.1 sq mi,456.1 km2,"1,085/sq mi",419/km2,33°47′N 112°19′W﻿ / ﻿33.79°N 112.31°W﻿ / 33.79; -112.31﻿ (Peoria),-112.31,33.79
131,132,Knoxville,Tennessee,192648,"190,740",1.00%,98.7 sq mi,255.6 km2,"1,933/sq mi",746/km2,35°58′N 83°57′W﻿ / ﻿35.97°N 83.95°W﻿ / 35.97; -83.95﻿ (Knoxville),-83.95,35.97
132,133,Glendale,California,192366,"196,543",−2.13%,30.5 sq mi,79.0 km2,"6,444/sq mi","2,488/km2",34°11′N 118°15′W﻿ / ﻿34.18°N 118.25°W﻿ / 34.18; -118.25﻿ (Glendale),-118.25,34.18
133,134,Vancouver,Washington,192169,"190,915",0.66%,48.7 sq mi,126.1 km2,"3,920/sq mi","1,510/km2",45°38′N 122°36′W﻿ / ﻿45.64°N 122.60°W﻿ / 45.64; -122.60﻿ (Vancouver),-122.6,45.64
134,135,Providence,Rhode Island,189692,"190,934",−0.65%,18.4 sq mi,47.7 km2,"10,377/sq mi","4,007/km2",41°49′N 71°25′W﻿ / ﻿41.82°N 71.42°W﻿ / 41.82; -71.42﻿ (Providence),-71.42,41.82
135,136,Akron,Ohio,189347,"190,469",−0.59%,61.9 sq mi,160.3 km2,"3,077/sq mi","1,188/km2",41°05′N 81°31′W﻿ / ﻿41.08°N 81.52°W﻿ / 41.08; -81.52﻿ (Akron),-81.52,41.08
136,137,Brownsville,Texas,187831,"186,738",0.59%,131.5 sq mi,340.6 km2,"1,420/sq mi",550/km2,26°00′N 97°27′W﻿ / ﻿26.00°N 97.45°W﻿ / 26.00; -97.45﻿ (Brownsville),-97.45,26.0
137,138,Mobile,Alabama,184952,"187,041",−1.12%,139.5 sq mi,361.3 km2,"1,341/sq mi",518/km2,30°40′N 88°06′W﻿ / ﻿30.67°N 88.10°W﻿ / 30.67; -88.10﻿ (Mobile),-88.1,30.67
138,139,Newport News,Virginia,184587,"186,247",−0.89%,69.0 sq mi,178.7 km2,"2,699/sq mi","1,042/km2",37°05′N 76°31′W﻿ / ﻿37.08°N 76.52°W﻿ / 37.08; -76.52﻿ (Newport News),-76.52,37.08
139,140,Tempe,Arizona,184118,"180,587",1.96%,39.9 sq mi,103.3 km2,"4,526/sq mi","1,747/km2",33°23′N 111°56′W﻿ / ﻿33.39°N 111.93°W﻿ / 33.39; -111.93﻿ (Tempe),-111.93,33.39
140,141,Shreveport,Louisiana,184021,"187,593",−1.90%,107.8 sq mi,279.2 km2,"1,740/sq mi",670/km2,32°28′N 93°47′W﻿ / ﻿32.47°N 93.79°W﻿ / 32.47; -93.79﻿ (Shreveport),-93.79,32.47
141,142,Chattanooga,Tennessee,182113,"181,099",0.56%,142.4 sq mi,368.8 km2,"1,272/sq mi",491/km2,35°04′N 85°15′W﻿ / ﻿35.07°N 85.25°W﻿ / 35.07; -85.25﻿ (Chattanooga),-85.25,35.07
142,143,Fort Lauderdale,Florida,181668,"182,760",−0.60%,34.6 sq mi,89.6 km2,"5,282/sq mi","2,039/km2",26°08′N 80°09′W﻿ / ﻿26.14°N 80.15°W﻿ / 26.14; -80.15﻿ (Fort Lauderdale),-80.15,26.14
143,144,Aurora,Illinois,179266,"180,542",−0.71%,45.0 sq mi,116.5 km2,"4,012/sq mi","1,549/km2",41°46′N 88°17′W﻿ / ﻿41.76°N 88.29°W﻿ / 41.76; -88.29﻿ (Aurora),-88.29,41.76
144,145,Elk Grove,California,178997,"176,124",1.63%,42.0 sq mi,108.8 km2,"4,193/sq mi","1,619/km2",38°25′N 121°23′W﻿ / ﻿38.41°N 121.38°W﻿ / 38.41; -121.38﻿ (Elk Grove),-121.38,38.41
145,146,Ontario,California,177963,"175,265",1.54%,50.0 sq mi,129.5 km2,"3,505/sq mi","1,353/km2",34°02′N 117°36′W﻿ / ﻿34.04°N 117.60°W﻿ / 34.04; -117.60﻿ (Ontario),-117.6,34.04
146,147,Salem,Oregon,177723,"175,535",1.25%,48.8 sq mi,126.4 km2,"3,597/sq mi","1,389/km2",44°55′N 123°01′W﻿ / ﻿44.92°N 123.02°W﻿ / 44.92; -123.02﻿ (Salem),-123.02,44.92
147,148,Cary,North Carolina,176987,"174,721",1.30%,59.2 sq mi,153.3 km2,"2,951/sq mi","1,139/km2",35°47′N 78°49′W﻿ / ﻿35.78°N 78.82°W﻿ / 35.78; -78.82﻿ (Cary),-78.82,35.78
148,149,Santa Rosa,California,176938,"178,127",−0.67%,42.5 sq mi,110.1 km2,"4,191/sq mi","1,618/km2",38°27′N 122°43′W﻿ / ﻿38.45°N 122.71°W﻿ / 38.45; -122.71﻿ (Santa Rosa),-122.71,38.45
149,150,Rancho Cucamonga,California,175142,"174,453",0.39%,40.1 sq mi,103.9 km2,"4,350/sq mi","1,680/km2",34°07′N 117°34′W﻿ / ﻿34.12°N 117.56°W﻿ / 34.12; -117.56﻿ (Rancho Cucamonga),-117.56,34.12
150,151,Eugene,Oregon,175096,"176,654",−0.88%,44.2 sq mi,114.5 km2,"3,997/sq mi","1,543/km2",44°04′N 123°07′W﻿ / ﻿44.06°N 123.12°W﻿ / 44.06; -123.12﻿ (Eugene),-123.12,44.06
151,152,Oceanside,California,172982,"174,068",−0.62%,41.3 sq mi,107.0 km2,"4,215/sq mi","1,627/km2",33°13′N 117°19′W﻿ / ﻿33.22°N 117.31°W﻿ / 33.22; -117.31﻿ (Oceanside),-117.31,33.22
152,153,Clarksville,Tennessee,170957,"166,722",2.54%,99.4 sq mi,257.4 km2,"1,677/sq mi",647/km2,36°34′N 87°21′W﻿ / ﻿36.57°N 87.35°W﻿ / 36.57; -87.35﻿ (Clarksville),-87.35,36.57
153,154,Garden Grove,California,170488,"171,949",−0.85%,18.0 sq mi,46.6 km2,"9,553/sq mi","3,688/km2",33°47′N 117°58′W﻿ / ﻿33.78°N 117.96°W﻿ / 33.78; -117.96﻿ (Garden Grove),-117.96,33.78
154,155,Lancaster,California,170150,"173,516",−1.94%,94.3 sq mi,244.2 km2,"1,840/sq mi",710/km2,34°41′N 118°11′W﻿ / ﻿34.69°N 118.18°W﻿ / 34.69; -118.18﻿ (Lancaster),-118.18,34.69
155,156,Springfield,Missouri,169724,"169,176",0.32%,82.4 sq mi,213.4 km2,"2,053/sq mi",793/km2,37°11′N 93°17′W﻿ / ﻿37.19°N 93.29°W﻿ / 37.19; -93.29﻿ (Springfield),-93.29,37.19
156,157,Pembroke Pines,Florida,169391,"171,178",−1.04%,32.7 sq mi,84.7 km2,"5,235/sq mi","2,021/km2",26°01′N 80°20′W﻿ / ﻿26.01°N 80.34°W﻿ / 26.01; -80.34﻿ (Pembroke Pines),-80.34,26.01
157,158,Fort Collins,Colorado,168538,"169,810",−0.75%,57.2 sq mi,148.1 km2,"2,969/sq mi","1,146/km2",40°33′N 105°04′W﻿ / ﻿40.55°N 105.06°W﻿ / 40.55; -105.06﻿ (Fort Collins),-105.06,40.55
158,159,Palmdale,California,165761,"169,450",−2.18%,106.1 sq mi,274.8 km2,"1,597/sq mi",617/km2,34°35′N 118°07′W﻿ / ﻿34.59°N 118.11°W﻿ / 34.59; -118.11﻿ (Palmdale),-118.11,34.59
159,160,Salinas,California,162791,"163,542",−0.46%,23.5 sq mi,60.9 km2,"6,959/sq mi","2,687/km2",36°41′N 121°38′W﻿ / ﻿36.69°N 121.63°W﻿ / 36.69; -121.63﻿ (Salinas),-121.63,36.69
160,161,Hayward,California,159827,"162,954",−1.92%,45.8 sq mi,118.6 km2,"3,558/sq mi","1,374/km2",37°38′N 122°06′W﻿ / ﻿37.63°N 122.10°W﻿ / 37.63; -122.10﻿ (Hayward),-122.1,37.63
161,162,Corona,California,159743,"157,136",1.66%,39.9 sq mi,103.3 km2,"3,938/sq mi","1,520/km2",33°52′N 117°34′W﻿ / ﻿33.86°N 117.57°W﻿ / 33.86; -117.57﻿ (Corona),-117.57,33.86
162,163,Paterson,New Jersey,157794,"159,732",−1.21%,8.4 sq mi,21.8 km2,"19,016/sq mi","7,342/km2",40°55′N 74°10′W﻿ / ﻿40.91°N 74.16°W﻿ / 40.91; -74.16﻿ (Paterson),-74.16,40.91
163,164,Murfreesboro,Tennessee,157519,"152,769",3.11%,62.9 sq mi,162.9 km2,"2,429/sq mi",938/km2,35°51′N 86°25′W﻿ / ﻿35.85°N 86.42°W﻿ / 35.85; -86.42﻿ (Murfreesboro),-86.42,35.85
164,165,Macon,Georgia,156762,"157,346",−0.37%,249.4 sq mi,645.9 km2,631/sq mi,244/km2,32°49′N 83°41′W﻿ / ﻿32.81°N 83.69°W﻿ / 32.81; -83.69﻿ (Macon),-83.69,32.81
165,166,Lakewood,Colorado,156605,"155,984",0.40%,43.5 sq mi,112.7 km2,"3,586/sq mi","1,385/km2",39°42′N 105°07′W﻿ / ﻿39.70°N 105.12°W﻿ / 39.70; -105.12﻿ (Lakewood),-105.12,39.7
166,167,Killeen,Texas,156261,"153,095",2.07%,54.8 sq mi,141.9 km2,"2,794/sq mi","1,079/km2",31°05′N 97°44′W﻿ / ﻿31.08°N 97.73°W﻿ / 31.08; -97.73﻿ (Killeen),-97.73,31.08
167,168,Springfield,Massachusetts,154789,"155,929",−0.73%,31.9 sq mi,82.6 km2,"4,888/sq mi","1,887/km2",42°07′N 72°32′W﻿ / ﻿42.12°N 72.54°W﻿ / 42.12; -72.54﻿ (Springfield),-72.54,42.12
168,169,Alexandria,Virginia,154706,"159,467",−2.99%,14.9 sq mi,38.6 km2,"10,702/sq mi","4,132/km2",38°49′N 77°05′W﻿ / ﻿38.82°N 77.08°W﻿ / 38.82; -77.08﻿ (Alexandria),-77.08,38.82
169,170,Kansas City,Kansas,154545,"156,607",−1.32%,124.7 sq mi,323.0 km2,"1,256/sq mi",485/km2,39°07′N 94°44′W﻿ / ﻿39.12°N 94.74°W﻿ / 39.12; -94.74﻿ (Kansas City),-94.74,39.12
170,171,Sunnyvale,California,152258,"155,805",−2.28%,22.1 sq mi,57.2 km2,"7,050/sq mi","2,720/km2",37°23′N 122°02′W﻿ / ﻿37.39°N 122.03°W﻿ / 37.39; -122.03﻿ (Sunnyvale),-122.03,37.39
171,172,Hollywood,Florida,152131,"153,067",−0.61%,27.3 sq mi,70.7 km2,"5,607/sq mi","2,165/km2",26°02′N 80°10′W﻿ / ﻿26.03°N 80.16°W﻿ / 26.03; -80.16﻿ (Hollywood),-80.16,26.03
172,173,Roseville,California,151901,"147,773",2.79%,44.1 sq mi,114.2 km2,"3,351/sq mi","1,294/km2",38°46′N 121°19′W﻿ / ﻿38.77°N 121.32°W﻿ / 38.77; -121.32﻿ (Roseville),-121.32,38.77
173,174,Charleston,South Carolina,151612,"150,227",0.92%,114.8 sq mi,297.3 km2,"1,309/sq mi",505/km2,32°50′N 79°58′W﻿ / ﻿32.83°N 79.97°W﻿ / 32.83; -79.97﻿ (Charleston),-79.97,32.83
174,175,Escondido,California,150665,"151,038",−0.25%,37.3 sq mi,96.6 km2,"4,049/sq mi","1,563/km2",33°08′N 117°04′W﻿ / ﻿33.13°N 117.07°W﻿ / 33.13; -117.07﻿ (Escondido),-117.07,33.13
175,176,Joliet,Illinois,150372,"150,362",0.01%,64.5 sq mi,167.1 km2,"2,331/sq mi",900/km2,41°31′N 88°09′W﻿ / ﻿41.52°N 88.15°W﻿ / 41.52; -88.15﻿ (Joliet),-88.15,41.52
176,177,Jackson,Mississippi,149761,"153,701",−2.56%,111.7 sq mi,289.3 km2,"1,376/sq mi",531/km2,32°19′N 90°13′W﻿ / ﻿32.32°N 90.21°W﻿ / 32.32; -90.21﻿ (Jackson),-90.21,32.32
177,178,Bellevue,Washington,149440,"151,854",−1.59%,33.5 sq mi,86.8 km2,"4,533/sq mi","1,750/km2",47°36′N 122°10′W﻿ / ﻿47.60°N 122.16°W﻿ / 47.60; -122.16﻿ (Bellevue),-122.16,47.6
178,179,Surprise,Arizona,149191,"143,148",4.22%,110.3 sq mi,285.7 km2,"1,298/sq mi",501/km2,33°40′N 112°27′W﻿ / ﻿33.67°N 112.45°W﻿ / 33.67; -112.45﻿ (Surprise),-112.45,33.67
179,180,Naperville,Illinois,149104,"149,540",−0.29%,39.1 sq mi,101.3 km2,"3,825/sq mi","1,477/km2",41°45′N 88°10′W﻿ / ﻿41.75°N 88.16°W﻿ / 41.75; -88.16﻿ (Naperville),-88.16,41.75
180,181,Pasadena,Texas,148626,"151,950",−2.19%,43.7 sq mi,113.2 km2,"3,477/sq mi","1,342/km2",29°39′N 95°09′W﻿ / ﻿29.65°N 95.15°W﻿ / 29.65; -95.15﻿ (Pasadena),-95.15,29.65
181,182,Pomona,California,148338,"151,713",−2.22%,23.0 sq mi,59.6 km2,"6,596/sq mi","2,547/km2",34°04′N 117°46′W﻿ / ﻿34.06°N 117.76°W﻿ / 34.06; -117.76﻿ (Pomona),-117.76,34.06
182,183,Bridgeport,Connecticut,148333,"148,654",−0.22%,16.1 sq mi,41.7 km2,"9,233/sq mi","3,565/km2",41°11′N 73°12′W﻿ / ﻿41.19°N 73.20°W﻿ / 41.19; -73.20﻿ (Bridgeport),-73.2,41.19
183,184,Denton,Texas,148146,"139,869",5.92%,96.4 sq mi,249.7 km2,"1,451/sq mi",560/km2,33°13′N 97°08′W﻿ / ﻿33.22°N 97.14°W﻿ / 33.22; -97.14﻿ (Denton),-97.14,33.22
184,185,Rockford,Illinois,147711,"148,655",−0.64%,64.5 sq mi,167.1 km2,"2,305/sq mi",890/km2,42°16′N 89°04′W﻿ / ﻿42.26°N 89.06°W﻿ / 42.26; -89.06﻿ (Rockford),-89.06,42.26
185,186,Mesquite,Texas,147691,"150,108",−1.61%,48.5 sq mi,125.6 km2,"3,095/sq mi","1,195/km2",32°46′N 96°35′W﻿ / ﻿32.76°N 96.59°W﻿ / 32.76; -96.59﻿ (Mesquite),-96.59,32.76
186,187,Savannah,Georgia,147088,"147,780",−0.47%,106.8 sq mi,276.6 km2,"1,384/sq mi",534/km2,32°00′N 81°09′W﻿ / ﻿32.00°N 81.15°W﻿ / 32.00; -81.15﻿ (Savannah),-81.15,32.0
187,188,Syracuse,New York,146103,"148,620",−1.69%,25.1 sq mi,65.0 km2,"5,921/sq mi","2,286/km2",43°02′N 76°08′W﻿ / ﻿43.04°N 76.14°W﻿ / 43.04; -76.14﻿ (Syracuse),-76.14,43.04
188,189,McAllen,Texas,143920,"142,210",1.20%,62.3 sq mi,161.4 km2,"2,283/sq mi",881/km2,26°13′N 98°15′W﻿ / ﻿26.22°N 98.25°W﻿ / 26.22; -98.25﻿ (McAllen),-98.25,26.22
189,190,Torrance,California,143600,"147,067",−2.36%,20.5 sq mi,53.1 km2,"7,174/sq mi","2,770/km2",33°50′N 118°22′W﻿ / ﻿33.83°N 118.36°W﻿ / 33.83; -118.36﻿ (Torrance),-118.36,33.83
190,191,Olathe,Kansas,143014,"141,290",1.22%,61.9 sq mi,160.3 km2,"2,283/sq mi",881/km2,38°53′N 94°49′W﻿ / ﻿38.88°N 94.82°W﻿ / 38.88; -94.82﻿ (Olathe),-94.82,38.88
191,192,Visalia,California,142978,"141,384",1.13%,37.9 sq mi,98.2 km2,"3,730/sq mi","1,440/km2",36°20′N 119°20′W﻿ / ﻿36.33°N 119.33°W﻿ / 36.33; -119.33﻿ (Visalia),-119.33,36.33
192,193,Thornton,Colorado,142610,"141,867",0.52%,35.9 sq mi,93.0 km2,"3,952/sq mi","1,526/km2",39°55′N 104°56′W﻿ / ﻿39.92°N 104.94°W﻿ / 39.92; -104.94﻿ (Thornton),-104.94,39.92
193,194,Fullerton,California,141874,"143,617",−1.21%,22.4 sq mi,58.0 km2,"6,411/sq mi","2,475/km2",33°53′N 117°56′W﻿ / ﻿33.89°N 117.93°W﻿ / 33.89; -117.93﻿ (Fullerton),-117.93,33.89
194,195,Gainesville,Florida,140398,"141,085",−0.49%,63.2 sq mi,163.7 km2,"2,232/sq mi",862/km2,29°41′N 82°21′W﻿ / ﻿29.68°N 82.35°W﻿ / 29.68; -82.35﻿ (Gainesville),-82.35,29.68
195,196,Waco,Texas,139594,"138,486",0.80%,88.7 sq mi,229.7 km2,"1,561/sq mi",603/km2,31°34′N 97°11′W﻿ / ﻿31.56°N 97.19°W﻿ / 31.56; -97.19﻿ (Waco),-97.19,31.56
196,197,West Valley City,Utah,139110,"140,230",−0.80%,35.8 sq mi,92.7 km2,"3,917/sq mi","1,512/km2",40°41′N 112°01′W﻿ / ﻿40.69°N 112.01°W﻿ / 40.69; -112.01﻿ (West Valley City),-112.01,40.69
197,198,Warren,Michigan,138130,"139,387",−0.90%,34.4 sq mi,89.1 km2,"4,052/sq mi","1,564/km2",42°29′N 83°02′W﻿ / ﻿42.49°N 83.03°W﻿ / 42.49; -83.03﻿ (Warren),-83.03,42.49
198,199,Lakewood,New Jersey,138070,"135,158",2.15%,24.7 sq mi,64.0 km2,"5,472/sq mi","2,113/km2",40°05′N 74°12′W﻿ / ﻿40.08°N 74.20°W﻿ / 40.08; -74.20﻿ (Lakewood),-74.2,40.08
199,200,Hampton,Virginia,137746,"137,148",0.44%,51.5 sq mi,133.4 km2,"2,663/sq mi","1,028/km2",37°03′N 76°18′W﻿ / ﻿37.05°N 76.30°W﻿ / 37.05; -76.30﻿ (Hampton),-76.3,37.05
200,201,Dayton,Ohio,137571,"137,644",−0.05%,55.8 sq mi,144.5 km2,"2,467/sq mi",953/km2,39°47′N 84°12′W﻿ / ﻿39.78°N 84.20°W﻿ / 39.78; -84.20﻿ (Dayton),-84.2,39.78
201,202,Columbia,South Carolina,137541,"136,632",0.67%,136.8 sq mi,354.3 km2,999/sq mi,386/km2,34°02′N 80°55′W﻿ / ﻿34.04°N 80.91°W﻿ / 34.04; -80.91﻿ (Columbia),-80.91,34.04
202,203,Orange,California,137264,"139,911",−1.89%,25.7 sq mi,66.6 km2,"5,444/sq mi","2,102/km2",33°47′N 117°52′W﻿ / ﻿33.79°N 117.86°W﻿ / 33.79; -117.86﻿ (Orange),-117.86,33.79
203,204,Cedar Rapids,Iowa,136467,"137,710",−0.90%,72.1 sq mi,186.7 km2,"1,910/sq mi",740/km2,41°58′N 91°41′W﻿ / ﻿41.97°N 91.68°W﻿ / 41.97; -91.68﻿ (Cedar Rapids),-91.68,41.97
204,205,Stamford,Connecticut,136309,"135,470",0.62%,37.6 sq mi,97.4 km2,"3,603/sq mi","1,391/km2",41°05′N 73°33′W﻿ / ﻿41.08°N 73.55°W﻿ / 41.08; -73.55﻿ (Stamford),-73.55,41.08
205,206,Victorville,California,135950,"134,810",0.85%,73.7 sq mi,190.9 km2,"1,829/sq mi",706/km2,34°32′N 117°21′W﻿ / ﻿34.53°N 117.35°W﻿ / 34.53; -117.35﻿ (Victorville),-117.35,34.53
206,207,Pasadena,California,135732,"138,699",−2.14%,23.0 sq mi,59.6 km2,"6,030/sq mi","2,330/km2",34°10′N 118°08′W﻿ / ﻿34.16°N 118.14°W﻿ / 34.16; -118.14﻿ (Pasadena),-118.14,34.16
207,208,Elizabeth,New Jersey,135407,"137,298",−1.38%,12.3 sq mi,31.9 km2,"11,162/sq mi","4,310/km2",40°40′N 74°11′W﻿ / ﻿40.67°N 74.19°W﻿ / 40.67; -74.19﻿ (Elizabeth),-74.19,40.67
208,209,New Haven,Connecticut,135081,"134,023",0.79%,18.7 sq mi,48.4 km2,"7,167/sq mi","2,767/km2",41°19′N 72°55′W﻿ / ﻿41.31°N 72.92°W﻿ / 41.31; -72.92﻿ (New Haven),-72.92,41.31
209,210,Miramar,Florida,135077,"134,721",0.26%,28.9 sq mi,74.9 km2,"4,662/sq mi","1,800/km2",25°58′N 80°20′W﻿ / ﻿25.97°N 80.34°W﻿ / 25.97; -80.34﻿ (Miramar),-80.34,25.97
210,211,Kent,Washington,134835,"136,588",−1.28%,33.8 sq mi,87.5 km2,"4,041/sq mi","1,560/km2",47°23′N 122°13′W﻿ / ﻿47.39°N 122.21°W﻿ / 47.39; -122.21﻿ (Kent),-122.21,47.39
211,212,Sterling Heights,Michigan,133269,"134,346",−0.80%,36.4 sq mi,94.3 km2,"3,691/sq mi","1,425/km2",42°35′N 83°02′W﻿ / ﻿42.58°N 83.03°W﻿ / 42.58; -83.03﻿ (Sterling Heights),-83.03,42.58
212,213,Carrollton,Texas,133251,"133,434",−0.14%,36.7 sq mi,95.1 km2,"3,636/sq mi","1,404/km2",32°59′N 96°54′W﻿ / ﻿32.99°N 96.90°W﻿ / 32.99; -96.90﻿ (Carrollton),-96.9,32.99
213,214,Coral Springs,Florida,132822,"134,394",−1.17%,22.9 sq mi,59.3 km2,"5,869/sq mi","2,266/km2",26°16′N 80°16′W﻿ / ﻿26.27°N 80.26°W﻿ / 26.27; -80.26﻿ (Coral Springs),-80.26,26.27
214,215,Midland,Texas,131325,"132,524",−0.90%,75.5 sq mi,195.5 km2,"1,755/sq mi",678/km2,32°01′N 102°07′W﻿ / ﻿32.02°N 102.11°W﻿ / 32.02; -102.11﻿ (Midland),-102.11,32.02
215,216,Norman,Oklahoma,128097,"128,026",0.06%,178.8 sq mi,463.1 km2,716/sq mi,276/km2,35°14′N 97°21′W﻿ / ﻿35.24°N 97.35°W﻿ / 35.24; -97.35﻿ (Norman),-97.35,35.24
216,217,Athens,Georgia,127358,"127,315",0.03%,116.3 sq mi,301.2 km2,"1,095/sq mi",423/km2,33°57′N 83°22′W﻿ / ﻿33.95°N 83.37°W﻿ / 33.95; -83.37﻿ (Athens),-83.37,33.95
217,218,Santa Clara,California,127151,"127,647",−0.39%,18.3 sq mi,47.4 km2,"6,975/sq mi","2,693/km2",37°22′N 121°58′W﻿ / ﻿37.36°N 121.97°W﻿ / 37.36; -121.97﻿ (Santa Clara),-121.97,37.36
218,219,Columbia,Missouri,126853,"126,254",0.47%,66.5 sq mi,172.2 km2,"1,899/sq mi",733/km2,38°57′N 92°20′W﻿ / ﻿38.95°N 92.33°W﻿ / 38.95; -92.33﻿ (Columbia),-92.33,38.95
219,220,Fargo,North Dakota,126748,"125,990",0.60%,49.8 sq mi,129.0 km2,"2,530/sq mi",980/km2,46°52′N 96°50′W﻿ / ﻿46.86°N 96.83°W﻿ / 46.86; -96.83﻿ (Fargo),-96.83,46.86
220,221,Pearland,Texas,125990,"125,828",0.13%,48.7 sq mi,126.1 km2,"2,584/sq mi",998/km2,29°34′N 95°19′W﻿ / ﻿29.56°N 95.32°W﻿ / 29.56; -95.32﻿ (Pearland),-95.32,29.56
221,222,Simi Valley,California,125975,"126,356",−0.30%,41.5 sq mi,107.5 km2,"3,045/sq mi","1,176/km2",34°16′N 118°45′W﻿ / ﻿34.27°N 118.75°W﻿ / 34.27; -118.75﻿ (Simi Valley),-118.75,34.27
222,223,Meridian,Idaho,125963,"117,635",7.08%,35.1 sq mi,90.9 km2,"3,351/sq mi","1,294/km2",43°37′N 116°24′W﻿ / ﻿43.61°N 116.40°W﻿ / 43.61; -116.40﻿ (Meridian),-116.4,43.61
223,223,Topeka,Kansas,125963,"126,587",−0.49%,61.4 sq mi,159.0 km2,"2,062/sq mi",796/km2,39°02′N 95°41′W﻿ / ﻿39.03°N 95.69°W﻿ / 39.03; -95.69﻿ (Topeka),-95.69,39.03
224,225,Allentown,Pennsylvania,125944,"125,845",0.08%,17.6 sq mi,45.6 km2,"7,150/sq mi","2,760/km2",40°35′N 75°29′W﻿ / ﻿40.59°N 75.48°W﻿ / 40.59; -75.48﻿ (Allentown),-75.48,40.59
225,226,Thousand Oaks,California,125754,"126,966",−0.95%,55.3 sq mi,143.2 km2,"2,296/sq mi",886/km2,34°11′N 118°52′W﻿ / ﻿34.19°N 118.87°W﻿ / 34.19; -118.87﻿ (Thousand Oaks),-118.87,34.19
226,227,Abilene,Texas,125070,"125,182",−0.09%,106.7 sq mi,276.4 km2,"1,173/sq mi",453/km2,32°27′N 99°44′W﻿ / ﻿32.45°N 99.74°W﻿ / 32.45; -99.74﻿ (Abilene),-99.74,32.45
227,228,Vallejo,California,124886,"126,090",−0.95%,30.4 sq mi,78.7 km2,"4,148/sq mi","1,602/km2",38°07′N 122°16′W﻿ / ﻿38.11°N 122.26°W﻿ / 38.11; -122.26﻿ (Vallejo),-122.26,38.11
228,229,Concord,California,124074,"125,410",−1.07%,30.6 sq mi,79.3 km2,"4,098/sq mi","1,582/km2",37°58′N 122°00′W﻿ / ﻿37.97°N 122.00°W﻿ / 37.97; -122.00﻿ (Concord),-122.0,37.97
229,230,Round Rock,Texas,123876,"119,468",3.69%,37.6 sq mi,97.4 km2,"3,177/sq mi","1,227/km2",30°32′N 97°40′W﻿ / ﻿30.53°N 97.66°W﻿ / 30.53; -97.66﻿ (Round Rock),-97.66,30.53
230,231,Arvada,Colorado,123436,"124,402",−0.78%,38.9 sq mi,100.8 km2,"3,198/sq mi","1,235/km2",39°50′N 105°09′W﻿ / ﻿39.83°N 105.15°W﻿ / 39.83; -105.15﻿ (Arvada),-105.15,39.83
231,232,Clovis,California,122989,"120,124",2.39%,25.4 sq mi,65.8 km2,"4,729/sq mi","1,826/km2",36°50′N 119°41′W﻿ / ﻿36.83°N 119.68°W﻿ / 36.83; -119.68﻿ (Clovis),-119.68,36.83
232,233,Palm Bay,Florida,122942,"119,760",2.66%,86.4 sq mi,223.8 km2,"1,386/sq mi",535/km2,27°58′N 80°40′W﻿ / ﻿27.96°N 80.66°W﻿ / 27.96; -80.66﻿ (Palm Bay),-80.66,27.96
233,234,Independence,Missouri,122088,"123,011",−0.75%,78.0 sq mi,202.0 km2,"1,577/sq mi",609/km2,39°05′N 94°21′W﻿ / ﻿39.09°N 94.35°W﻿ / 39.09; -94.35﻿ (Independence),-94.35,39.09
234,235,Lafayette,Louisiana,121771,"121,374",0.33%,55.8 sq mi,144.5 km2,"2,175/sq mi",840/km2,30°13′N 92°02′W﻿ / ﻿30.21°N 92.03°W﻿ / 30.21; -92.03﻿ (Lafayette),-92.03,30.21
235,236,Ann Arbor,Michigan,121536,"123,851",−1.87%,28.2 sq mi,73.0 km2,"4,392/sq mi","1,696/km2",42°17′N 83°44′W﻿ / ﻿42.28°N 83.73°W﻿ / 42.28; -83.73﻿ (Ann Arbor),-83.73,42.28
236,237,Rochester,Minnesota,121465,"121,395",0.06%,55.5 sq mi,143.7 km2,"2,187/sq mi",844/km2,44°01′N 92°29′W﻿ / ﻿44.02°N 92.48°W﻿ / 44.02; -92.48﻿ (Rochester),-92.48,44.02
237,238,Hartford,Connecticut,120576,"121,054",−0.39%,17.4 sq mi,45.1 km2,"6,957/sq mi","2,686/km2",41°46′N 72°41′W﻿ / ﻿41.77°N 72.68°W﻿ / 41.77; -72.68﻿ (Hartford),-72.68,41.77
238,239,College Station,Texas,120019,"120,511",−0.41%,51.2 sq mi,132.6 km2,"2,354/sq mi",909/km2,30°35′N 96°18′W﻿ / ﻿30.59°N 96.30°W﻿ / 30.59; -96.30﻿ (College Station),-96.3,30.59
239,240,Fairfield,California,119705,"119,881",−0.15%,41.6 sq mi,107.7 km2,"2,882/sq mi","1,113/km2",38°16′N 122°02′W﻿ / ﻿38.26°N 122.03°W﻿ / 38.26; -122.03﻿ (Fairfield),-122.03,38.26
240,241,Wilmington,North Carolina,117643,"115,451",1.90%,51.4 sq mi,133.1 km2,"2,246/sq mi",867/km2,34°13′N 77°53′W﻿ / ﻿34.21°N 77.89°W﻿ / 34.21; -77.89﻿ (Wilmington),-77.89,34.21
241,242,North Charleston,South Carolina,117472,"114,852",2.28%,77.6 sq mi,201.0 km2,"1,480/sq mi",570/km2,32°55′N 80°04′W﻿ / ﻿32.92°N 80.07°W﻿ / 32.92; -80.07﻿ (North Charleston),-80.07,32.92
242,243,Billings,Montana,117445,"117,116",0.28%,44.8 sq mi,116.0 km2,"2,614/sq mi","1,009/km2",45°47′N 108°33′W﻿ / ﻿45.79°N 108.55°W﻿ / 45.79; -108.55﻿ (Billings),-108.55,45.79
243,244,West Palm Beach,Florida,117286,"117,415",−0.11%,53.8 sq mi,139.3 km2,"2,182/sq mi",842/km2,26°45′N 80°08′W﻿ / ﻿26.75°N 80.13°W﻿ / 26.75; -80.13﻿ (West Palm Beach),-80.13,26.75
244,245,Berkeley,California,117145,"124,321",−5.77%,10.4 sq mi,26.9 km2,"11,954/sq mi","4,615/km2",37°52′N 122°18′W﻿ / ﻿37.87°N 122.30°W﻿ / 37.87; -122.30﻿ (Berkeley),-122.3,37.87
245,246,Cambridge,Massachusetts,117090,"118,403",−1.11%,6.4 sq mi,16.6 km2,"18,500/sq mi","7,100/km2",42°23′N 71°07′W﻿ / ﻿42.38°N 71.12°W﻿ / 42.38; -71.12﻿ (Cambridge),-71.12,42.38
246,247,Clearwater,Florida,116674,"117,292",−0.53%,26.1 sq mi,67.6 km2,"4,494/sq mi","1,735/km2",27°59′N 82°46′W﻿ / ﻿27.98°N 82.77°W﻿ / 27.98; -82.77﻿ (Clearwater),-82.77,27.98
247,248,West Jordan,Utah,116541,"116,961",−0.36%,32.3 sq mi,83.7 km2,"3,621/sq mi","1,398/km2",40°36′N 112°00′W﻿ / ﻿40.60°N 112.00°W﻿ / 40.60; -112.00﻿ (West Jordan),-112.0,40.6
248,249,Evansville,Indiana,116486,"117,298",−0.69%,47.4 sq mi,122.8 km2,"2,475/sq mi",956/km2,37°59′N 87°32′W﻿ / ﻿37.99°N 87.53°W﻿ / 37.99; -87.53﻿ (Evansville),-87.53,37.99
249,250,Richardson,Texas,116382,"119,469",−2.58%,28.6 sq mi,74.1 km2,"4,177/sq mi","1,613/km2",32°58′N 96°43′W﻿ / ﻿32.97°N 96.71°W﻿ / 32.97; -96.71﻿ (Richardson),-96.71,32.97
250,251,Broken Arrow,Oklahoma,116330,"113,540",2.46%,63.0 sq mi,163.2 km2,"1,802/sq mi",696/km2,36°02′N 95°47′W﻿ / ﻿36.04°N 95.78°W﻿ / 36.04; -95.78﻿ (Broken Arrow),-95.78,36.04
251,252,Richmond,California,115639,"116,448",−0.69%,30.1 sq mi,78.0 km2,"3,869/sq mi","1,494/km2",37°57′N 122°22′W﻿ / ﻿37.95°N 122.36°W﻿ / 37.95; -122.36﻿ (Richmond),-122.36,37.95
252,253,League City,Texas,115595,"114,392",1.05%,51.3 sq mi,132.9 km2,"2,230/sq mi",860/km2,29°29′N 95°07′W﻿ / ﻿29.49°N 95.11°W﻿ / 29.49; -95.11﻿ (League City),-95.11,29.49
253,254,Manchester,New Hampshire,115462,"115,644",−0.16%,33.1 sq mi,85.7 km2,"3,494/sq mi","1,349/km2",42°59′N 71°26′W﻿ / ﻿42.98°N 71.44°W﻿ / 42.98; -71.44﻿ (Manchester),-71.44,42.98
254,255,Lakeland,Florida,115425,"112,641",2.47%,66.2 sq mi,171.5 km2,"1,702/sq mi",657/km2,28°04′N 81°57′W﻿ / ﻿28.06°N 81.95°W﻿ / 28.06; -81.95﻿ (Lakeland),-81.95,28.06
255,256,Carlsbad,California,115302,"114,746",0.48%,37.8 sq mi,97.9 km2,"3,036/sq mi","1,172/km2",33°08′N 117°17′W﻿ / ﻿33.13°N 117.28°W﻿ / 33.13; -117.28﻿ (Carlsbad),-117.28,33.13
256,257,Antioch,California,114794,"115,291",−0.43%,29.2 sq mi,75.6 km2,"3,948/sq mi","1,524/km2",37°59′N 121°48′W﻿ / ﻿37.98°N 121.80°W﻿ / 37.98; -121.80﻿ (Antioch),-121.8,37.98
257,258,Westminster,Colorado,114561,"116,317",−1.51%,31.6 sq mi,81.8 km2,"3,681/sq mi","1,421/km2",39°53′N 105°04′W﻿ / ﻿39.88°N 105.06°W﻿ / 39.88; -105.06﻿ (Westminster),-105.06,39.88
258,259,High Point,North Carolina,114086,"114,059",0.02%,56.4 sq mi,146.1 km2,"2,022/sq mi",781/km2,35°59′N 79°59′W﻿ / ﻿35.99°N 79.99°W﻿ / 35.99; -79.99﻿ (High Point),-79.99,35.99
259,260,Provo,Utah,114084,"115,162",−0.94%,41.7 sq mi,108.0 km2,"2,762/sq mi","1,066/km2",40°15′N 111°39′W﻿ / ﻿40.25°N 111.65°W﻿ / 40.25; -111.65﻿ (Provo),-111.65,40.25
260,261,Lowell,Massachusetts,113994,"115,554",−1.35%,13.6 sq mi,35.2 km2,"8,497/sq mi","3,281/km2",42°38′N 71°19′W﻿ / ﻿42.64°N 71.32°W﻿ / 42.64; -71.32﻿ (Lowell),-71.32,42.64
261,262,Elgin,Illinois,113911,"114,797",−0.77%,38.0 sq mi,98.4 km2,"3,021/sq mi","1,166/km2",42°02′N 88°20′W﻿ / ﻿42.04°N 88.33°W﻿ / 42.04; -88.33﻿ (Elgin),-88.33,42.04
262,263,Waterbury,Connecticut,113811,"114,403",−0.52%,28.5 sq mi,73.8 km2,"4,014/sq mi","1,550/km2",41°34′N 73°02′W﻿ / ﻿41.56°N 73.04°W﻿ / 41.56; -73.04﻿ (Waterbury),-73.04,41.56
263,264,Springfield,Illinois,113394,"114,394",−0.87%,61.1 sq mi,158.2 km2,"1,872/sq mi",723/km2,39°47′N 89°38′W﻿ / ﻿39.79°N 89.64°W﻿ / 39.79; -89.64﻿ (Springfield),-89.64,39.79
264,265,Gresham,Oregon,113103,"114,247",−1.00%,23.5 sq mi,60.9 km2,"4,862/sq mi","1,877/km2",45°30′N 122°26′W﻿ / ﻿45.50°N 122.44°W﻿ / 45.50; -122.44﻿ (Gresham),-122.44,45.5
265,266,Murrieta,California,112991,"110,949",1.84%,33.6 sq mi,87.0 km2,"3,302/sq mi","1,275/km2",33°34′N 117°11′W﻿ / ﻿33.57°N 117.19°W﻿ / 33.57; -117.19﻿ (Murrieta),-117.19,33.57
266,267,Lewisville,Texas,112944,"111,822",1.00%,37.0 sq mi,95.8 km2,"3,022/sq mi","1,167/km2",33°03′N 96°59′W﻿ / ﻿33.05°N 96.98°W﻿ / 33.05; -96.98﻿ (Lewisville),-96.98,33.05
267,268,Las Cruces,New Mexico,112914,"111,385",1.37%,76.9 sq mi,199.2 km2,"1,448/sq mi",559/km2,32°20′N 106°47′W﻿ / ﻿32.33°N 106.79°W﻿ / 32.33; -106.79﻿ (Las Cruces),-106.79,32.33
268,269,Lansing,Michigan,112684,"112,644",0.04%,39.1 sq mi,101.3 km2,"2,881/sq mi","1,112/km2",42°43′N 84°34′W﻿ / ﻿42.71°N 84.56°W﻿ / 42.71; -84.56﻿ (Lansing),-84.56,42.71
269,270,Beaumont,Texas,112556,"115,282",−2.36%,82.5 sq mi,213.7 km2,"1,397/sq mi",539/km2,30°05′N 94°09′W﻿ / ﻿30.08°N 94.15°W﻿ / 30.08; -94.15﻿ (Beaumont),-94.15,30.08
270,271,Odessa,Texas,112483,"114,428",−1.70%,51.1 sq mi,132.3 km2,"2,239/sq mi",864/km2,31°53′N 102°21′W﻿ / ﻿31.88°N 102.35°W﻿ / 31.88; -102.35﻿ (Odessa),-102.35,31.88
271,272,Pueblo,Colorado,112368,"111,876",0.44%,55.4 sq mi,143.5 km2,"2,019/sq mi",780/km2,38°16′N 104°37′W﻿ / ﻿38.27°N 104.61°W﻿ / 38.27; -104.61﻿ (Pueblo),-104.61,38.27
272,273,Peoria,Illinois,111666,"113,150",−1.31%,48.0 sq mi,124.3 km2,"2,357/sq mi",910/km2,40°45′N 89°37′W﻿ / ﻿40.75°N 89.62°W﻿ / 40.75; -89.62﻿ (Peoria),-89.62,40.75
273,274,Downey,California,111645,"114,355",−2.37%,12.4 sq mi,32.1 km2,"9,222/sq mi","3,561/km2",33°56′N 118°08′W﻿ / ﻿33.94°N 118.13°W﻿ / 33.94; -118.13﻿ (Downey),-118.13,33.94
274,275,Pompano Beach,Florida,111348,"112,046",−0.62%,24.0 sq mi,62.2 km2,"4,669/sq mi","1,803/km2",26°14′N 80°08′W﻿ / ﻿26.24°N 80.13°W﻿ / 26.24; -80.13﻿ (Pompano Beach),-80.13,26.24
275,276,Miami Gardens,Florida,110867,"111,640",−0.69%,18.2 sq mi,47.1 km2,"6,134/sq mi","2,368/km2",25°57′N 80°14′W﻿ / ﻿25.95°N 80.24°W﻿ / 25.95; -80.24﻿ (Miami Gardens),-80.24,25.95
276,277,Temecula,California,110846,"110,003",0.77%,37.3 sq mi,96.6 km2,"2,949/sq mi","1,139/km2",33°29′N 117°08′W﻿ / ﻿33.49°N 117.13°W﻿ / 33.49; -117.13﻿ (Temecula),-117.13,33.49
277,278,Everett,Washington,110812,"110,629",0.17%,33.2 sq mi,86.0 km2,"3,332/sq mi","1,286/km2",47°57′N 122°11′W﻿ / ﻿47.95°N 122.19°W﻿ / 47.95; -122.19﻿ (Everett),-122.19,47.95
278,279,Costa Mesa,California,110750,"111,918",−1.04%,15.8 sq mi,40.9 km2,"7,083/sq mi","2,735/km2",33°40′N 117°55′W﻿ / ﻿33.67°N 117.91°W﻿ / 33.67; -117.91﻿ (Costa Mesa),-117.91,33.67
279,280,Ventura,California,109925,"110,763",−0.76%,21.9 sq mi,56.7 km2,"5,058/sq mi","1,953/km2",34°16′N 119°15′W﻿ / ﻿34.27°N 119.25°W﻿ / 34.27; -119.25﻿ (Ventura),-119.25,34.27
280,281,Sparks,Nevada,109796,"108,445",1.25%,36.4 sq mi,94.3 km2,"2,979/sq mi","1,150/km2",39°34′N 119°43′W﻿ / ﻿39.57°N 119.72°W﻿ / 39.57; -119.72﻿ (Sparks),-119.72,39.57
281,282,Santa Maria,California,109711,"109,707",0.00%,22.8 sq mi,59.1 km2,"4,812/sq mi","1,858/km2",34°56′N 120°26′W﻿ / ﻿34.93°N 120.44°W﻿ / 34.93; -120.44﻿ (Santa Maria),-120.44,34.93
282,283,Sugar Land,Texas,109373,"111,026",−1.49%,40.5 sq mi,104.9 km2,"2,741/sq mi","1,058/km2",29°35′N 95°38′W﻿ / ﻿29.59°N 95.63°W﻿ / 29.59; -95.63﻿ (Sugar Land),-95.63,29.59
283,284,Greeley,Colorado,109323,"108,795",0.49%,48.9 sq mi,126.7 km2,"2,225/sq mi",859/km2,40°25′N 104°46′W﻿ / ﻿40.41°N 104.77°W﻿ / 40.41; -104.77﻿ (Greeley),-104.77,40.41
284,285,South Fulton,Georgia,108575,"107,436",1.06%,85.2 sq mi,220.7 km2,"1,261/sq mi",487/km2,33°40′N 84°34′W﻿ / ﻿33.66°N 84.57°W﻿ / 33.66; -84.57﻿ (South Fulton),-84.57,33.66
285,286,Dearborn,Michigan,108420,"109,976",−1.41%,24.2 sq mi,62.7 km2,"4,544/sq mi","1,754/km2",42°19′N 83°13′W﻿ / ﻿42.31°N 83.21°W﻿ / 42.31; -83.21﻿ (Dearborn),-83.21,42.31
286,287,Concord,North Carolina,107697,"105,240",2.33%,63.5 sq mi,164.5 km2,"1,657/sq mi",640/km2,35°23′N 80°38′W﻿ / ﻿35.39°N 80.64°W﻿ / 35.39; -80.64﻿ (Concord),-80.64,35.39
287,288,Edison,New Jersey,107626,"107,588",0.04%,30.1 sq mi,78.0 km2,"3,574/sq mi","1,380/km2",40°30′N 74°21′W﻿ / ﻿40.50°N 74.35°W﻿ / 40.50; -74.35﻿ (Edison),-74.35,40.5
288,289,Tyler,Texas,107192,"105,995",1.13%,57.5 sq mi,148.9 km2,"1,843/sq mi",712/km2,32°19′N 95°19′W﻿ / ﻿32.32°N 95.31°W﻿ / 32.32; -95.31﻿ (Tyler),-95.31,32.32
289,290,Sandy Springs,Georgia,107180,"108,080",−0.83%,37.7 sq mi,97.6 km2,"2,867/sq mi","1,107/km2",33°56′N 84°22′W﻿ / ﻿33.93°N 84.37°W﻿ / 33.93; -84.37﻿ (Sandy Springs),-84.37,33.93
290,291,West Covina,California,107017,"109,501",−2.27%,16.0 sq mi,41.4 km2,"6,844/sq mi","2,642/km2",34°04′N 117°55′W﻿ / ﻿34.06°N 117.91°W﻿ / 34.06; -117.91﻿ (West Covina),-117.91,34.06
291,292,Green Bay,Wisconsin,107015,"107,395",−0.35%,45.5 sq mi,117.8 km2,"2,360/sq mi",910/km2,44°31′N 87°59′W﻿ / ﻿44.52°N 87.99°W﻿ / 44.52; -87.99﻿ (Green Bay),-87.99,44.52
292,293,Centennial,Colorado,106966,"108,418",−1.34%,29.7 sq mi,76.9 km2,"3,650/sq mi","1,410/km2",39°35′N 104°52′W﻿ / ﻿39.59°N 104.87°W﻿ / 39.59; -104.87﻿ (Centennial),-104.87,39.59
293,294,Jurupa Valley,California,106941,"105,053",1.80%,42.9 sq mi,111.1 km2,"2,449/sq mi",946/km2,34°00′N 117°28′W﻿ / ﻿34.00°N 117.47°W﻿ / 34.00; -117.47﻿ (Jurupa Valley),-117.47,34.0
294,295,El Monte,California,106907,"109,450",−2.32%,9.6 sq mi,24.9 km2,"11,401/sq mi","4,402/km2",34°04′N 118°02′W﻿ / ﻿34.07°N 118.03°W﻿ / 34.07; -118.03﻿ (El Monte),-118.03,34.07
295,296,Allen,Texas,106874,"104,627",2.15%,26.4 sq mi,68.4 km2,"3,963/sq mi","1,530/km2",33°07′N 96°40′W﻿ / ﻿33.11°N 96.67°W﻿ / 33.11; -96.67﻿ (Allen),-96.67,33.11
296,297,Hillsboro,Oregon,106633,"106,447",0.17%,25.7 sq mi,66.6 km2,"4,142/sq mi","1,599/km2",45°32′N 122°56′W﻿ / ﻿45.53°N 122.94°W﻿ / 45.53; -122.94﻿ (Hillsboro),-122.94,45.53
297,298,Menifee,California,106401,"102,527",3.78%,46.5 sq mi,120.4 km2,"2,205/sq mi",851/km2,33°41′N 117°11′W﻿ / ﻿33.69°N 117.18°W﻿ / 33.69; -117.18﻿ (Menifee),-117.18,33.69
298,299,Nampa,Idaho,106186,"100,200",5.97%,33.5 sq mi,86.8 km2,"2,991/sq mi","1,155/km2",43°35′N 116°34′W﻿ / ﻿43.58°N 116.56°W﻿ / 43.58; -116.56﻿ (Nampa),-116.56,43.58
299,300,Spokane Valley,Washington,105905,"102,976",2.84%,37.7 sq mi,97.6 km2,"2,731/sq mi","1,054/km2",47°40′N 117°14′W﻿ / ﻿47.66°N 117.23°W﻿ / 47.66; -117.23﻿ (Spokane Valley),-117.23,47.66
300,301,Rio Rancho,New Mexico,105834,"104,046",1.72%,103.4 sq mi,267.8 km2,"1,006/sq mi",388/km2,35°17′N 106°42′W﻿ / ﻿35.29°N 106.70°W﻿ / 35.29; -106.70﻿ (Rio Rancho),-106.7,35.29
301,302,Brockton,Massachusetts,105446,"105,643",−0.19%,21.3 sq mi,55.2 km2,"4,960/sq mi","1,920/km2",42°05′N 71°01′W﻿ / ﻿42.08°N 71.02°W﻿ / 42.08; -71.02﻿ (Brockton),-71.02,42.08
302,303,El Cajon,California,105432,"106,215",−0.74%,14.5 sq mi,37.6 km2,"7,325/sq mi","2,828/km2",32°48′N 116°58′W﻿ / ﻿32.80°N 116.96°W﻿ / 32.80; -116.96﻿ (El Cajon),-116.96,32.8
303,304,Burbank,California,105401,"107,337",−1.80%,17.3 sq mi,44.8 km2,"6,204/sq mi","2,395/km2",34°11′N 118°20′W﻿ / ﻿34.19°N 118.33°W﻿ / 34.19; -118.33﻿ (Burbank),-118.33,34.19
304,305,Inglewood,California,105181,"107,762",−2.40%,9.1 sq mi,23.6 km2,"11,842/sq mi","4,572/km2",33°58′N 118°20′W﻿ / ﻿33.96°N 118.34°W﻿ / 33.96; -118.34﻿ (Inglewood),-118.34,33.96
305,306,Renton,Washington,105179,"106,785",−1.50%,23.5 sq mi,60.9 km2,"4,544/sq mi","1,754/km2",47°29′N 122°11′W﻿ / ﻿47.48°N 122.19°W﻿ / 47.48; -122.19﻿ (Renton),-122.19,47.48
306,307,Davie,Florida,104882,"105,691",−0.77%,34.9 sq mi,90.4 km2,"3,028/sq mi","1,169/km2",26°05′N 80°17′W﻿ / ﻿26.08°N 80.28°W﻿ / 26.08; -80.28﻿ (Davie),-80.28,26.08
307,308,Rialto,California,104394,"104,026",0.35%,24.1 sq mi,62.4 km2,"4,316/sq mi","1,666/km2",34°07′N 117°23′W﻿ / ﻿34.12°N 117.39°W﻿ / 34.12; -117.39﻿ (Rialto),-117.39,34.12
308,309,Boulder,Colorado,104175,"108,250",−3.76%,26.3 sq mi,68.1 km2,"4,116/sq mi","1,589/km2",40°01′N 105°15′W﻿ / ﻿40.02°N 105.25°W﻿ / 40.02; -105.25﻿ (Boulder),-105.25,40.02
309,310,South Bend,Indiana,103353,"103,453",−0.10%,42.0 sq mi,108.8 km2,"2,463/sq mi",951/km2,41°41′N 86°16′W﻿ / ﻿41.68°N 86.27°W﻿ / 41.68; -86.27﻿ (South Bend),-86.27,41.68
310,311,Woodbridge,New Jersey,103212,"103,639",−0.41%,23.3 sq mi,60.3 km2,"4,448/sq mi","1,717/km2",40°34′N 74°17′W﻿ / ﻿40.56°N 74.29°W﻿ / 40.56; -74.29﻿ (Woodbridge),-74.29,40.56
311,312,Vacaville,California,103078,"102,386",0.68%,29.9 sq mi,77.4 km2,"3,424/sq mi","1,322/km2",38°22′N 121°58′W﻿ / ﻿38.36°N 121.97°W﻿ / 38.36; -121.97﻿ (Vacaville),-121.97,38.36
312,313,Wichita Falls,Texas,102988,"102,316",0.66%,72.0 sq mi,186.5 km2,"1,421/sq mi",549/km2,33°55′N 98°32′W﻿ / ﻿33.91°N 98.53°W﻿ / 33.91; -98.53﻿ (Wichita Falls),-98.53,33.91
313,314,Lee's Summit,Missouri,102781,"101,108",1.65%,63.9 sq mi,165.5 km2,"1,582/sq mi",611/km2,38°55′N 94°23′W﻿ / ﻿38.92°N 94.38°W﻿ / 38.92; -94.38﻿ (Lee's Summit),-94.38,38.92
314,315,Edinburg,Texas,102483,"100,243",2.23%,44.7 sq mi,115.8 km2,"2,243/sq mi",866/km2,26°19′N 98°10′W﻿ / ﻿26.32°N 98.16°W﻿ / 26.32; -98.16﻿ (Edinburg),-98.16,26.32
315,316,Chico,California,102338,"101,475",0.85%,34.1 sq mi,88.3 km2,"2,976/sq mi","1,149/km2",39°46′N 121°49′W﻿ / ﻿39.76°N 121.82°W﻿ / 39.76; -121.82﻿ (Chico),-121.82,39.76
316,317,San Mateo,California,102200,"105,661",−3.28%,12.1 sq mi,31.3 km2,"8,732/sq mi","3,371/km2",37°34′N 122°19′W﻿ / ﻿37.56°N 122.31°W﻿ / 37.56; -122.31﻿ (San Mateo),-122.31,37.56
317,318,Bend,Oregon,102059,"99,178",2.90%,33.6 sq mi,87.0 km2,"2,952/sq mi","1,140/km2",44°04′N 121°19′W﻿ / ﻿44.06°N 121.31°W﻿ / 44.06; -121.31﻿ (Bend),-121.31,44.06
318,319,Goodyear,Arizona,101733,"95,294",6.76%,191.3 sq mi,495.5 km2,498/sq mi,192/km2,33°15′N 112°22′W﻿ / ﻿33.25°N 112.37°W﻿ / 33.25; -112.37﻿ (Goodyear),-112.37,33.25
319,320,Buckeye,Arizona,101315,"91,502",10.72%,393.0 sq mi,"1,017.9 km2",233/sq mi,90/km2,33°26′N 112°38′W﻿ / ﻿33.43°N 112.64°W﻿ / 33.43; -112.64﻿ (Buckeye),-112.64,33.43
320,321,Daly City,California,101243,"104,901",−3.49%,7.6 sq mi,19.7 km2,"13,803/sq mi","5,329/km2",37°41′N 122°28′W﻿ / ﻿37.69°N 122.47°W﻿ / 37.69; -122.47﻿ (Daly City),-122.47,37.69
321,322,Fishers,Indiana,101171,"98,977",2.22%,35.6 sq mi,92.2 km2,"2,780/sq mi","1,070/km2",39°58′N 85°58′W﻿ / ﻿39.96°N 85.97°W﻿ / 39.96; -85.97﻿ (Fishers),-85.97,39.96
322,323,Quincy,Massachusetts,101119,"101,636",−0.51%,16.6 sq mi,43.0 km2,"6,123/sq mi","2,364/km2",42°16′N 71°01′W﻿ / ﻿42.26°N 71.01°W﻿ / 42.26; -71.01﻿ (Quincy),-71.01,42.26
323,324,Davenport,Iowa,101009,"101,724",−0.70%,63.8 sq mi,165.2 km2,"1,594/sq mi",615/km2,41°34′N 90°36′W﻿ / ﻿41.56°N 90.60°W﻿ / 41.56; -90.60﻿ (Davenport),-90.6,41.56
324,325,Hesperia,California,100971,"99,818",1.16%,72.7 sq mi,188.3 km2,"1,373/sq mi",530/km2,34°24′N 117°19′W﻿ / ﻿34.40°N 117.32°W﻿ / 34.40; -117.32﻿ (Hesperia),-117.32,34.4
325,326,New Bedford,Massachusetts,100941,"101,079",−0.14%,20.0 sq mi,51.8 km2,"5,054/sq mi","1,951/km2",41°40′N 70°56′W﻿ / ﻿41.66°N 70.94°W﻿ / 41.66; -70.94﻿ (New Bedford),-70.94,41.66
326,327,Lynn,Massachusetts,100843,"101,253",−0.40%,10.7 sq mi,27.7 km2,"9,463/sq mi","3,654/km2",42°28′N 70°58′W﻿ / ﻿42.47°N 70.96°W﻿ / 42.47; -70.96﻿ (Lynn),-70.96,42.47
327,328,Carmel,Indiana,100777,"99,757",1.02%,49.1 sq mi,127.2 km2,"2,032/sq mi",785/km2,39°58′N 86°09′W﻿ / ﻿39.97°N 86.15°W﻿ / 39.97; -86.15﻿ (Carmel),-86.15,39.97
328,329,Longmont,Colorado,100758,"98,885",1.89%,28.8 sq mi,74.6 km2,"3,434/sq mi","1,326/km2",40°10′N 105°06′W﻿ / ﻿40.17°N 105.10°W﻿ / 40.17; -105.10﻿ (Longmont),-105.1,40.17
329,330,Tuscaloosa,Alabama,100618,"99,600",1.02%,61.9 sq mi,160.3 km2,"1,609/sq mi",621/km2,33°14′N 87°32′W﻿ / ﻿33.23°N 87.53°W﻿ / 33.23; -87.53﻿ (Tuscaloosa),-87.53,33.23
330,331,Norwalk,California,100373,"102,773",−2.34%,9.7 sq mi,25.1 km2,"10,595/sq mi","4,091/km2",33°55′N 118°05′W﻿ / ﻿33.91°N 118.08°W﻿ / 33.91; -118.08﻿ (Norwalk),-118.08,33.91
